<?xml version="1.0" encoding="UTF-8"?>
<project-private xmlns="http://www.netbeans.org/ns/project-private/1">
    <editor-bookmarks xmlns="http://www.netbeans.org/ns/editor-bookmarks/2" lastBookmarkId="0"/>
    <open-files xmlns="http://www.netbeans.org/ns/projectui-open-files/2">
        <group>
            <file>file:/C:/Users/Pichau/Downloads/Nova%20pasta/WebApplication3/web/atualizar.jsp</file>
            <file>file:/C:/Users/Pichau/Downloads/Nova%20pasta/WebApplication3/web/encontrar_reserva.jsp</file>
            <file>file:/C:/Users/Pichau/Downloads/Nova%20pasta/WebApplication3/web/styles.css</file>
            <file>file:/C:/Users/Pichau/Downloads/Nova%20pasta/WebApplication3/web/index.html</file>
            <file>file:/C:/Users/Pichau/Downloads/Nova%20pasta/WebApplication3/web/contato.html</file>
            <file>file:/C:/Users/Pichau/Downloads/Nova%20pasta/WebApplication3/web/listartudo.jsp</file>
        </group>
    </open-files>
</project-private>
